Spotify ID,Artist IDs,Track Name,Album Name,Artist Name(s),Release Date,Duration (ms),Popularity,Added By,Added At,Genres,Danceability,Energy,Key,Loudness,Mode,Speechiness,Acousticness,Instrumentalness,Liveness,Valence,Tempo,Time Signature
1VrheK4CdhX74nrOSNIFtH,"70B80Lwx2sxti0M1Ng9e8K,1HGMG8RHvcu1mfdM9MeTek","Pehla Nasha","Jo Jeeta Wohi Sikandar (Original Motion Picture Soundtrack)","Udit Narayan,Sadhana Sargam",1991-12-30,291400,53,spotify:user:31zxctonsrbt6wbuxboxu7eghmde,2023-11-20T18:25:14Z,"chutney,filmi,odia pop,classic bollywood,hare krishna",0.458,0.34,5,-14.309,1,0.0333,0.774,0.0000201,0.0799,0.516,151.979,4
0mWtcNIAL9jITVHl3F2SQF,"6AwwLwgIsTIXZ8kHWaZUj5,1dVygo6tRFXC8CSWURQJq2,3gBKY0y3dFFVRqicLnVZYz","Suraj Hua Maddham","Kabhi Khushi Kabhie Gham (Original Motion Picture Soundtrack)","Sandesh Shandilya,Sonu Nigam,Alka Yagnik",2001-11-28,427546,63,spotify:user:31zxctonsrbt6wbuxboxu7eghmde,2023-11-20T18:25:14Z,"afghan pop,filmi,modern bollywood,hare krishna",0.633,0.691,5,-5.851,1,0.0557,0.329,0.000211,0.134,0.57,80.002,4
4uXShFWajd1PTQzlW3P4jj,"0L5GV6LN8SWWUWIdBbTLTZ,1dVygo6tRFXC8CSWURQJq2,3gBKY0y3dFFVRqicLnVZYz","Kabhi Alvida Naa Kehna","Kabhi Alvida Naa Kehna (Original Motion Picture Soundtrack)","Shankar-Ehsaan-Loy,Sonu Nigam,Alka Yagnik",2006-06-08,483920,61,spotify:user:31zxctonsrbt6wbuxboxu7eghmde,2023-11-20T18:25:14Z,"filmi,modern bollywood,hare krishna",0.365,0.407,5,-10.352,1,0.0424,0.752,0.00129,0.212,0.464,149.161,4
6oUK2k9OJ0WvmVveyauFB7,"4YgUVg4p7xtMOrOS4GjiJZ,1dVygo6tRFXC8CSWURQJq2,3eDT9fwXKuHWFvgZaaYC5v,0Tn7oEmE8zDUR340Doo9zl,4oKJ5JKPHMQQnHyqLDTx2O,0e7Xsukwik0zDaqCcSvJTg","Mere Haath Mein","Fanaa","Jatin-Lalit,Sonu Nigam,Sunidhi Chauhan,Aamir Khan,Kajol,Prasoon Joshi",2006-04-12,285857,66,spotify:user:31zxctonsrbt6wbuxboxu7eghmde,2023-11-20T18:25:14Z,"afghan pop,chutney,classic bollywood,filmi,modern bollywood",0.554,0.606,1,-12.312,1,0.0722,0.578,0.000183,0.11,0.584,93.922,4
2zGaY3iWYTHjgpSLC0wqdx,"70B80Lwx2sxti0M1Ng9e8K,3gBKY0y3dFFVRqicLnVZYz","Laal Dupatta","Mujhse Shaadi Karogi","Udit Narayan,Alka Yagnik",2004-05-31,314413,56,spotify:user:31zxctonsrbt6wbuxboxu7eghmde,2023-11-20T18:25:14Z,"chutney,filmi,odia pop,hare krishna,modern bollywood",0.721,0.723,7,-6.697,1,0.0823,0.292,0,0.0678,0.853,81.995,4
5bHDGWyIFML1LYXZWTD5MF,"1wRPtKGflJrBx9BmLsSwlU,1cfG7UM0OD4O1II1nd15Qo,2j9QVMZlqIj4Cb9UISBrXK","I Love You","Bodyguard","Pritam,Ash King,Clinton Cerejo",2011-07-27,256812,62,spotify:user:31zxctonsrbt6wbuxboxu7eghmde,2023-11-20T18:25:14Z,"filmi,indian instrumental,modern bollywood",0.654,0.671,11,-6.026,1,0.0807,0.359,0.00000749,0.0656,0.76,90.063,4
1HT0RzPuChHC1kWbIplHyw,"3OLGltG8UPIea8sA4w0yg0,0oOet2f43PA68X5RxKobEy","Teri Meri","Bodyguard","Rahat Fateh Ali Khan,Shreya Ghoshal",2011-07-27,325311,65,spotify:user:31zxctonsrbt6wbuxboxu7eghmde,2023-11-20T18:25:14Z,"classic pakistani pop,filmi,modern bollywood,qawwali,sufi",0.401,0.517,2,-6.618,0,0.0481,0.0661,0,0.202,0.471,128.451,4
3Uv8BQFN3bQfhkregyMbnx,"6Mv8GjQa7LKUGCAqa9qqdb,5cB4d4jPYjMT326sjihQ4m,6dgPKPKtpOXxPpMe8STn1N,5kPOMQZvgkAEnRZqwn9SYQ","My Dil Goes Mmmm","Salaam Namaste","Vishal-Shekhar,Shaan,Gayatri Iyer,Jaideep Sahni",2005-08-03,452832,63,spotify:user:31zxctonsrbt6wbuxboxu7eghmde,2023-11-20T18:25:14Z,"filmi,modern bollywood",0.693,0.797,6,-7.392,0,0.0704,0.343,0.00125,0.0673,0.706,90.997,4
4RixtPhUXlci9ad4qIMj23,"4YgUVg4p7xtMOrOS4GjiJZ,70B80Lwx2sxti0M1Ng9e8K,3gBKY0y3dFFVRqicLnVZYz","Kuch Kuch Hota Hai","Kuch Kuch Hota Hai","Jatin-Lalit,Udit Narayan,Alka Yagnik",1998-08-13,297866,68,spotify:user:31zxctonsrbt6wbuxboxu7eghmde,2023-11-20T18:25:14Z,"afghan pop,chutney,classic bollywood,filmi,modern bollywood,odia pop,hare krishna",0.547,0.554,7,-11.165,1,0.0374,0.602,0.000155,0.0735,0.848,91.386,4
5FXMRdJjKq1BIX4e8Eg9mK,"4fEkbug6kZzzJ8eYX6Kbbp","Ajab Si","Om Shanti Om","KK",2007-09-18,241668,72,spotify:user:31zxctonsrbt6wbuxboxu7eghmde,2023-11-20T18:25:14Z,"filmi,modern bollywood",0.697,0.438,8,-8.411,1,0.0289,0.397,0,0.293,0.58,117.954,4
251PNRmJU9KcUnFQAB5t6I,"0L5GV6LN8SWWUWIdBbTLTZ,1dVygo6tRFXC8CSWURQJq2","Kal Ho Naa Ho","Kal Ho Naa Ho (Original Motion Picture Soundtrack)","Shankar-Ehsaan-Loy,Sonu Nigam",2003-09-20,321240,69,spotify:user:31zxctonsrbt6wbuxboxu7eghmde,2023-11-20T18:25:14Z,"filmi,modern bollywood",0.532,0.529,0,-8.402,1,0.0352,0.334,0.000144,0.078,0.295,81.989,4
6FZrX6epdqcaQHx9LFRcuf,"61JrslREXq98hurYL2hYoc,4K6blSRoklNdpw4mzLxwfn","Tujhe Dekha To (From Dilwale Dulhania Le Jayenge)","Diamonds Forever - Lata Mangeshkar","Lata Mangeshkar,Kumar Sanu",2018-02-28,303960,51,spotify:user:31zxctonsrbt6wbuxboxu7eghmde,2023-11-20T18:25:14Z,"classic bollywood,filmi,lata,modern bollywood",0.512,0.479,4,-10.765,0,0.0378,0.765,0.0000179,0.0648,0.856,97.205,4
0gRNu9dVzi5aC87AI1empZ,"554yyXUEFseU1dwvisHTik,5cB4d4jPYjMT326sjihQ4m","Jab Se Tere Naina","Saawariya (Original Motion Picture Soundtrack)","Monty Sharma,Shaan",2007-09-14,284573,71,spotify:user:31zxctonsrbt6wbuxboxu7eghmde,2023-11-20T18:25:14Z,"filmi,modern bollywood",0.599,0.653,0,-7.576,0,0.122,0.362,0,0.144,0.678,79.968,4
5EYZZvmNAH5VZCwuzYJqoA,"4YgUVg4p7xtMOrOS4GjiJZ,5cB4d4jPYjMT326sjihQ4m,4oVMLzAqW6qhRpZWt8fNw4,0e7Xsukwik0zDaqCcSvJTg","Chand Sifarish","Fanaa","Jatin-Lalit,Shaan,Kailash Kher,Prasoon Joshi",2006-04-12,275931,72,spotify:user:31zxctonsrbt6wbuxboxu7eghmde,2023-11-20T18:25:14Z,"afghan pop,chutney,classic bollywood,filmi,modern bollywood,indian folk,sufi",0.829,0.665,2,-8.128,1,0.0868,0.242,0.0000175,0.123,0.861,122.043,4
53SyjeUrYqpGjKbrSfXbuI,"4K6blSRoklNdpw4mzLxwfn","Ek Ladki Ko Dekha","1942 A Love Story (Original Motion Picture Soundtrack)","Kumar Sanu",1994-12-01,275295,46,spotify:user:31zxctonsrbt6wbuxboxu7eghmde,2023-11-20T18:25:14Z,"filmi,modern bollywood",0.531,0.47,10,-11.54,1,0.0326,0.568,0,0.0521,0.865,81.282,4
0eGtFJBfYUKF2CvNZJEu3M,"4YgUVg4p7xtMOrOS4GjiJZ,61JrslREXq98hurYL2hYoc","Kabhi Khushi Kabhie Gham","Kabhi Khushi Kabhie Gham (Original Motion Picture Soundtrack)","Jatin-Lalit,Lata Mangeshkar",2001-11-28,471946,57,spotify:user:31zxctonsrbt6wbuxboxu7eghmde,2023-11-20T18:25:14Z,"afghan pop,chutney,classic bollywood,filmi,modern bollywood,lata",0.451,0.763,1,-5.911,1,0.106,0.524,0.000198,0.127,0.663,92.266,4
0gPgdRfB4jdGrlyXS0Vx78,"6Mv8GjQa7LKUGCAqa9qqdb,4fEkbug6kZzzJ8eYX6Kbbp,19LIHDDSHBD5NyYHI3gpzB,4GEyPR3J4DYvuTRuPJQ0CW","Khuda Jaane","Bachna Ae Haseeno","Vishal-Shekhar,KK,Shilpa Rao,Anvita Dutt Guptan",2008-07-05,333181,77,spotify:user:31zxctonsrbt6wbuxboxu7eghmde,2023-11-20T18:25:14Z,"filmi,modern bollywood",0.382,0.632,8,-6.393,1,0.0411,0.391,0.000486,0.0922,0.716,78.936,4
2RNCGsAi3ERAf2k2Mhhdyu,"3OLGltG8UPIea8sA4w0yg0,4HQeSXwG2BVH0KvxHE5oCf","Surili Akhiyon Wale (From Veer)","Veer","Rahat Fateh Ali Khan,Suzanne D'Mello",2009-12-21,331758,0,spotify:user:31zxctonsrbt6wbuxboxu7eghmde,2023-11-20T18:25:14Z,"classic pakistani pop,filmi,modern bollywood,qawwali,sufi",0.514,0.574,4,-5.788,1,0.0312,0.402,0,0.0965,0.4,75.89,4
3bZPdEskcnMdepwCaDSJRl,"6Mv8GjQa7LKUGCAqa9qqdb,5SuRAj1A9FEHj5NxS86YAm,3eDT9fwXKuHWFvgZaaYC5v","Bin Tere","I Hate Luv Storys (Original Motion Picture Soundtrack)","Vishal-Shekhar,Shafqat Amanat Ali,Sunidhi Chauhan",2010-05-25,330360,66,spotify:user:31zxctonsrbt6wbuxboxu7eghmde,2023-11-20T18:25:14Z,"filmi,modern bollywood,classic pakistani pop,sufi",0.585,0.698,9,-6.261,1,0.0392,0.42,0.00000359,0.363,0.621,139.831,4
3i11e2jzUtO3jChiFl3v9x,"5Uvn1P3OFu268QovsUAnDu,61JrslREXq98hurYL2hYoc,03SZmfKAgYRQKUwy0EoJUa,3UpmjPgIFSGqnxXuiwD014","Tere Liye","Veer - Zaara","Madan Mohan,Lata Mangeshkar,Roop Kumar Rathod,Javed Akhtar",2004-09-18,331676,67,spotify:user:31zxctonsrbt6wbuxboxu7eghmde,2023-11-20T18:25:14Z,"classic bollywood,filmi,indian instrumental,modern bollywood,lata,sufi",0.525,0.46,1,-8.594,0,0.0246,0.826,0.00202,0.139,0.33,98.007,4
3OAFzjwWionh8OfM4kgf2R,"5Uvn1P3OFu268QovsUAnDu,70B80Lwx2sxti0M1Ng9e8K,3UpmjPgIFSGqnxXuiwD014","Main Yahaan Hoon","Veer - Zaara","Madan Mohan,Udit Narayan,Javed Akhtar",2004-09-18,295157,69,spotify:user:31zxctonsrbt6wbuxboxu7eghmde,2023-11-20T18:25:14Z,"classic bollywood,filmi,indian instrumental,modern bollywood,chutney,odia pop",0.484,0.788,4,-7.625,0,0.0565,0.69,0.0132,0.0939,0.741,171.973,4
7fyIuR4aaWb6iltlAoSkxF,"5Uvn1P3OFu268QovsUAnDu,61JrslREXq98hurYL2hYoc,1dVygo6tRFXC8CSWURQJq2,3UpmjPgIFSGqnxXuiwD014","Do Pal","Veer - Zaara","Madan Mohan,Lata Mangeshkar,Sonu Nigam,Javed Akhtar",2004-09-18,265926,62,spotify:user:31zxctonsrbt6wbuxboxu7eghmde,2023-11-20T18:25:14Z,"classic bollywood,filmi,indian instrumental,modern bollywood,lata",0.247,0.556,11,-7.514,1,0.0376,0.635,0.000436,0.146,0.371,168.823,4
7sSYkaAXRgnzoQYrGgrvlX,"5Uvn1P3OFu268QovsUAnDu,61JrslREXq98hurYL2hYoc,70B80Lwx2sxti0M1Ng9e8K,3UpmjPgIFSGqnxXuiwD014","Yeh Hum Aa Gaye Hain Kahaan","Veer - Zaara","Madan Mohan,Lata Mangeshkar,Udit Narayan,Javed Akhtar",2004-09-18,343066,55,spotify:user:31zxctonsrbt6wbuxboxu7eghmde,2023-11-20T18:25:14Z,"classic bollywood,filmi,indian instrumental,modern bollywood,lata,chutney,odia pop",0.48,0.753,5,-7.33,0,0.0454,0.347,0.000335,0.315,0.462,90.027,4
1CVqr5LImdmJ1Upt4z08Pm,"1wRPtKGflJrBx9BmLsSwlU,5SuRAj1A9FEHj5NxS86YAm","Tu Hi Mera","Jannat 2 (Original Motion Picture Soundtrack)","Pritam,Shafqat Amanat Ali",2012-03-30,272973,65,spotify:user:31zxctonsrbt6wbuxboxu7eghmde,2023-11-20T18:25:14Z,"filmi,indian instrumental,modern bollywood,classic pakistani pop,sufi",0.621,0.859,11,-4.673,1,0.102,0.546,0,0.11,0.873,90.047,4
5DyYcwMw0f6z3FefXNLOHv,"6ohaQzKaXrobAL8paLSaxq,1dVygo6tRFXC8CSWURQJq2,0oOet2f43PA68X5RxKobEy,5kPOMQZvgkAEnRZqwn9SYQ","Ishq Hua","Aaja Nachle","Salim–Sulaiman,Sonu Nigam,Shreya Ghoshal,Jaideep Sahni",2007-10-18,263026,58,spotify:user:31zxctonsrbt6wbuxboxu7eghmde,2023-11-20T18:25:14Z,"filmi,indian folk,modern bollywood",0.405,0.745,2,-7.914,0,0.108,0.657,0.00552,0.117,0.751,87.452,4
7cWnks0lsRtpAi87COOiXK,"6ohaQzKaXrobAL8paLSaxq,3OLGltG8UPIea8sA4w0yg0,5kPOMQZvgkAEnRZqwn9SYQ","O Re Piya","Aaja Nachle","Salim–Sulaiman,Rahat Fateh Ali Khan,Jaideep Sahni",2007-10-18,379768,74,spotify:user:31zxctonsrbt6wbuxboxu7eghmde,2023-11-20T18:25:14Z,"filmi,indian folk,modern bollywood,classic pakistani pop,qawwali,sufi",0.586,0.532,11,-8.837,0,0.0328,0.779,0.000565,0.124,0.494,99.994,4
39bHz64P8EIGXnoPfpYnUE,"4W91bbPB2CTSsHwt7eqNl7","Guzarish (From Ghajini)","Ar Rahman Musique","Javed Ali",2019-03-12,327029,50,spotify:user:31zxctonsrbt6wbuxboxu7eghmde,2023-11-20T18:25:14Z,"desi pop,filmi,modern bollywood",0.595,0.624,9,-10.943,0,0.0603,0.0925,0,0.114,0.647,170.001,4
4P4NsWdqLziZpEteU1uFCI,"4K6blSRoklNdpw4mzLxwfn,3gBKY0y3dFFVRqicLnVZYz","Chura Ke Dil Mera","Main Khiladi Tu Anari (Original Motion Picture Soundtrack)","Kumar Sanu,Alka Yagnik",1994-06-05,474653,64,spotify:user:31zxctonsrbt6wbuxboxu7eghmde,2023-11-20T18:25:14Z,"filmi,modern bollywood,hare krishna",0.613,0.696,8,-9.486,0,0.0504,0.136,0.00222,0.053,0.874,122.056,4
1gXTK1NROWpYiFACUQs6US,"4K6blSRoklNdpw4mzLxwfn,3gBKY0y3dFFVRqicLnVZYz","Pehli Baar Dil Ye (From Hum Ho Gaye Aap Ke)","Legendary Hits of Kumar Sanu & Alka Yagnik","Kumar Sanu,Alka Yagnik",2016-04-25,335800,39,spotify:user:31zxctonsrbt6wbuxboxu7eghmde,2023-11-20T18:25:14Z,"filmi,modern bollywood,hare krishna",0.565,0.668,7,-8.801,0,0.0361,0.0342,0.0000225,0.19,0.935,171.94,4
1mAO7s2X1VfYwNDWIcvdhS,"70B80Lwx2sxti0M1Ng9e8K","Jaadu Teri Nazar","Darr (Original Motion Picture Soundtrack)","Udit Narayan",1990-12-01,279909,52,spotify:user:31zxctonsrbt6wbuxboxu7eghmde,2023-11-20T18:25:14Z,"chutney,filmi,odia pop",0.603,0.688,6,-13.12,0,0.0458,0.401,0.0000457,0.104,0.682,87.839,4
5wyzawAfi1y7Zgsx3jr7MD,"61JrslREXq98hurYL2hYoc","Mere Khwabon Mein","Dilwale Dulhania Le Jayenge (Original Motion Picture Soundtrack)","Lata Mangeshkar",2013-11-01,256440,42,spotify:user:31zxctonsrbt6wbuxboxu7eghmde,2023-11-20T18:25:14Z,"classic bollywood,filmi,lata",0.621,0.512,7,-11.074,0,0.0547,0.633,0,0.0803,0.925,114.803,4
3A5S5s5E9XMRbn6m0YBqwM,"61JrslREXq98hurYL2hYoc","Kuchh Na Kaho","Rough Guide: Lata Mangeshkar","Lata Mangeshkar",2004-02-03,382480,0,spotify:user:31zxctonsrbt6wbuxboxu7eghmde,2023-11-20T18:25:14Z,"classic bollywood,filmi,lata",0.381,0.326,10,-13.986,1,0.0491,0.708,0.00463,0.0989,0.288,134.725,3
1zEwMpy1l1jcT5AHrn1aOk,"2ae6PxICSOZHvjqiCcgon8","Pehla Pehla Pyar","Hum Aapke Hain Koun (Original Motion Picture Soundtrack)","S. P. Balasubrahmanyam",1994-07-30,265666,0,spotify:user:31zxctonsrbt6wbuxboxu7eghmde,2023-11-20T18:25:14Z,"filmi",0.613,0.445,5,-13.139,0,0.0283,0.491,0.00000179,0.0878,0.523,101.838,4
0zQwQ5Fx6wYCM2HhTcd8E3,"4YgUVg4p7xtMOrOS4GjiJZ,70B80Lwx2sxti0M1Ng9e8K,3gBKY0y3dFFVRqicLnVZYz","Dil Kya Kare","Dil Kya Kare (Original Motion Picture Soundtrack)","Jatin-Lalit,Udit Narayan,Alka Yagnik",1999-06-26,267733,51,spotify:user:31zxctonsrbt6wbuxboxu7eghmde,2023-11-20T18:25:14Z,"afghan pop,chutney,classic bollywood,filmi,modern bollywood,odia pop,hare krishna",0.651,0.552,8,-10.108,0,0.0337,0.446,0.00309,0.0667,0.621,108.071,4
7N30pzJGFwnYU8iuzxWS7l,"3OLGltG8UPIea8sA4w0yg0,1wRPtKGflJrBx9BmLsSwlU","Ajj Din Chadheya","Love Aaj Kal (Original Motion Picture Soundtrack)","Rahat Fateh Ali Khan,Pritam",2009-07-31,315013,0,spotify:user:31zxctonsrbt6wbuxboxu7eghmde,2023-11-20T18:25:14Z,"classic pakistani pop,filmi,modern bollywood,qawwali,sufi,indian instrumental",0.585,0.688,9,-4.553,1,0.0722,0.551,0.0000067,0.121,0.814,85.871,4
0mXcEgjLvFcdwCJ6iMFdL4,"70B80Lwx2sxti0M1Ng9e8K,3gBKY0y3dFFVRqicLnVZYz","Tere Naam","Tere Naam","Udit Narayan,Alka Yagnik",2003-06-28,393706,58,spotify:user:31zxctonsrbt6wbuxboxu7eghmde,2023-11-20T18:25:14Z,"chutney,filmi,odia pop,hare krishna,modern bollywood",0.489,0.767,4,-8.309,1,0.138,0.645,0.000482,0.108,0.556,175.877,4
3SdBm0UuDoEdx1fAQdPs3l,"70B80Lwx2sxti0M1Ng9e8K,3gBKY0y3dFFVRqicLnVZYz","Tumse Milna","Tere Naam","Udit Narayan,Alka Yagnik",2003-06-28,281426,61,spotify:user:31zxctonsrbt6wbuxboxu7eghmde,2023-11-20T18:25:14Z,"chutney,filmi,odia pop,hare krishna,modern bollywood",0.572,0.733,0,-7.039,1,0.0462,0.598,0.0000633,0.0422,0.522,96.985,4
5upmbnXemLfPvs3d2eyHml,"0L5GV6LN8SWWUWIdBbTLTZ,3OLGltG8UPIea8sA4w0yg0,1SJOL9HJ08YOn92lFcYf8a,2hgViyN0RqyQQpfjIb0g3W","Sajdaa","My Name Is Khan (Original Motion Picture Soundtrack)","Shankar-Ehsaan-Loy,Rahat Fateh Ali Khan,Shankar Mahadevan,Richa Sharma",2010-01-05,365706,0,spotify:user:31zxctonsrbt6wbuxboxu7eghmde,2023-11-20T18:25:14Z,"filmi,modern bollywood,classic pakistani pop,qawwali,sufi",0.468,0.737,8,-7.274,1,0.0765,0.726,0.00272,0.0655,0.572,79.448,4
73y649QhnXdcm6fRdvfraO,"5fvTHKKzW44A9867nPDocM,1dVygo6tRFXC8CSWURQJq2","Abhi Mujh Mein Kahin","Agneepath (Original Motion Picture Soundtrack)","Ajay-Atul,Sonu Nigam",2011-12-16,364786,68,spotify:user:31zxctonsrbt6wbuxboxu7eghmde,2023-11-20T18:25:14Z,"filmi,modern bollywood",0.334,0.387,2,-9.483,1,0.0332,0.755,0.0000394,0.113,0.42,129.959,1
2ohD6y7hYc9abHOkOw7m4G,"1dVygo6tRFXC8CSWURQJq2,0oOet2f43PA68X5RxKobEy","Main Agar Kahoon (From Om Shanti Om)","Love Anthems - Sonu Nigam","Sonu Nigam,Shreya Ghoshal",2019-06-18,308158,0,spotify:user:31zxctonsrbt6wbuxboxu7eghmde,2023-11-20T18:25:14Z,"filmi,modern bollywood",0.534,0.437,5,-7.521,0,0.0276,0.234,0.00000302,0.46,0.369,146.867,3
1gwO79MdYdumgIjxq8eCxB,"6Mv8GjQa7LKUGCAqa9qqdb,0oOet2f43PA68X5RxKobEy,5bv6NvAYNuvd2Vq13nHdG3","Bahara","I Hate Luv Storys (Original Motion Picture Soundtrack)","Vishal-Shekhar,Shreya Ghoshal,Sona Mohapatra",2010-05-25,325706,67,spotify:user:31zxctonsrbt6wbuxboxu7eghmde,2023-11-20T18:25:14Z,"filmi,modern bollywood",0.595,0.739,5,-6.733,1,0.0359,0.0716,0.00000698,0.134,0.722,87.834,4
0joXv5niso2T8YXWOlIe1X,"5UJ2sHO2ELrgW6aXeRLTQQ,4xlqU0G9EloUPHL1qlmWY6","Titli","Chennai Express","Chinmayi,Gopi Sundar",2013-07-03,350617,64,spotify:user:31zxctonsrbt6wbuxboxu7eghmde,2023-11-20T18:25:14Z,"filmi,marathi pop,tollywood",0.679,0.421,7,-9.13,0,0.0344,0.685,0.00000681,0.244,0.65,81.012,4
5doYtCoJ8KpfkFczP3F2ad,"5GnnSrwNCGyfAU4zuIytiS,1wRPtKGflJrBx9BmLsSwlU","Dooriyan","Love Aaj Kal (Original Motion Picture Soundtrack)","Mohit Chauhan,Pritam",2009-07-31,337360,0,spotify:user:31zxctonsrbt6wbuxboxu7eghmde,2023-11-20T18:25:14Z,"filmi,modern bollywood,indian instrumental",0.52,0.716,7,-6.582,0,0.051,0.612,0,0.11,0.593,122.977,4
6YRbDkyTzsizAWFz8kwiI7,"4YgUVg4p7xtMOrOS4GjiJZ,3gBKY0y3dFFVRqicLnVZYz,7guD32ltIhsA1tHdf7IVe0,0e7Xsukwik0zDaqCcSvJTg","Hum Tum","Hum Tum","Jatin-Lalit,Alka Yagnik,Babul Supriyo,Prasoon Joshi",2004-04-09,329221,60,spotify:user:31zxctonsrbt6wbuxboxu7eghmde,2023-11-20T18:25:14Z,"afghan pop,chutney,classic bollywood,filmi,modern bollywood,hare krishna",0.465,0.682,4,-8.124,1,0.0512,0.381,0.00041,0.0801,0.583,164.01,4
4BTPzhEsyW3blWcxcuhLM0,"0L5GV6LN8SWWUWIdBbTLTZ,1SJOL9HJ08YOn92lFcYf8a,2Yf4MRVpt0rcAd5y5h5ph1,5SuRAj1A9FEHj5NxS86YAm","Mitwa","Kabhi Alvida Naa Kehna (Original Motion Picture Soundtrack)","Shankar-Ehsaan-Loy,Shankar Mahadevan,Caralisa Monteiro,Shafqat Amanat Ali",2006-06-08,382973,72,spotify:user:31zxctonsrbt6wbuxboxu7eghmde,2023-11-20T18:25:14Z,"filmi,modern bollywood,classic pakistani pop,sufi",0.63,0.63,4,-7.525,1,0.0364,0.295,0.0000126,0.0934,0.517,107.103,4
5YStU9T5Rn0bzD7M97VgP8,"4tgxFlmtGx08MtTKWeqEuR,5as8A4G47Ohu9NSWs3Je8U,2U1hVHUuvPv4PalshKMvnN","Do Lafzon Ki Hai Dil Ki Kahani - From The Great Gambler","Ek Cup Dhoop","Amitabh Bachchan,Asha Bhosle,Sharad Kumar",2017-01-17,382426,0,spotify:user:31zxctonsrbt6wbuxboxu7eghmde,2023-11-20T18:25:28Z,"classic bollywood,filmi,chutney",0.374,0.433,9,-8.218,1,0.0342,0.785,0.00286,0.661,0.186,72.789,4
57hEH4CVSALzHexEDTJUZi,"5l1aGNGCRGomCMHVufh6xC","Bade Achhe Lagte Hain - From Balika Badhu","Ek Cup Dhoop","Amit Kumar",2017-01-17,312080,0,spotify:user:31zxctonsrbt6wbuxboxu7eghmde,2023-11-20T18:25:28Z,"classic bollywood,filmi",0.377,0.147,6,-15.412,1,0.0401,0.897,0.0000171,0.122,0.178,138.749,3
7KKcqO5hMpZlqQnxYh49UY,"0GF4shudTAFv8ak9eWdd4Y","Honthon Pe Jaan Chali Aayegi - From Patita","Ek Cup Dhoop","Kishore Kumar",2017-01-17,309360,0,spotify:user:31zxctonsrbt6wbuxboxu7eghmde,2023-11-20T18:25:28Z,"classic bollywood,filmi",0.501,0.0993,7,-15.449,1,0.106,0.824,0,0.0859,0.666,75.93,4
7hY2zPTxtmwtXAwcxgkeEC,"2ijWbN5KykTYiBoVmhzCTU,6pDga1iElP4dCa4S5bYvoo","Tum Ko Dekha To Yeh Khayal Aaya - From Saath Saath","Ek Cup Dhoop","Jagjit Singh,Chitra Singh",2017-01-17,291066,0,spotify:user:31zxctonsrbt6wbuxboxu7eghmde,2023-11-20T18:25:28Z,"classic bollywood,filmi,ghazal,hare krishna,sufi",0.354,0.272,2,-13.642,1,0.0295,0.907,0.612,0.0848,0.263,90.566,4
0bDkghVKg8MNVwXsLbTytg,"61JrslREXq98hurYL2hYoc,4tgxFlmtGx08MtTKWeqEuR","Yeh Kahan Aa Gaye Hum - From Silsila","Ek Cup Dhoop","Lata Mangeshkar,Amitabh Bachchan",2017-01-17,474906,0,spotify:user:31zxctonsrbt6wbuxboxu7eghmde,2023-11-20T18:25:28Z,"classic bollywood,filmi,lata",0.371,0.297,7,-14.291,1,0.0349,0.825,0.0000886,0.197,0.319,100.426,4
5pj5TFVsh6mg0GAnkTngRo,"2ae6PxICSOZHvjqiCcgon8","Pehla Pehla Pyar - From Hum Aapke Hain Koun","Ek Cup Dhoop","S. P. Balasubrahmanyam",2017-01-17,265666,0,spotify:user:31zxctonsrbt6wbuxboxu7eghmde,2023-11-20T18:25:28Z,"filmi",0.613,0.445,5,-13.139,0,0.0283,0.491,0.00000179,0.0878,0.523,101.838,4
0pf95xfup0jm9NnZN78LGu,"70B80Lwx2sxti0M1Ng9e8K,1HGMG8RHvcu1mfdM9MeTek","Pehla Nasha - From Jo Jeeta Wohi Sikandar","Ek Cup Dhoop","Udit Narayan,Sadhana Sargam",2017-01-17,291400,0,spotify:user:31zxctonsrbt6wbuxboxu7eghmde,2023-11-20T18:25:28Z,"chutney,filmi,odia pop,classic bollywood,hare krishna",0.458,0.34,5,-14.309,1,0.0333,0.774,0.0000201,0.0799,0.516,151.979,4
5SJAwvzPAP1t3FteERmeDW,"61JrslREXq98hurYL2hYoc,2ae6PxICSOZHvjqiCcgon8","Aate Jaate Hanste Gaate - From Maine Pyar Kiya","Ek Cup Dhoop","Lata Mangeshkar,S. P. Balasubrahmanyam",2017-01-17,204360,0,spotify:user:31zxctonsrbt6wbuxboxu7eghmde,2023-11-20T18:25:28Z,"classic bollywood,filmi,lata",0.546,0.436,8,-11.929,1,0.0353,0.667,0.0223,0.337,0.466,120.644,4
5Ynq6dFQsOuBlhiwWs8gps,"6WPmTGeeoymoVlXVtsCwz7","Pyar Hua Chupke Se - From 1942 A Love Story","Ek Cup Dhoop","Kavita Krishnamurthy",2017-01-17,315573,0,spotify:user:31zxctonsrbt6wbuxboxu7eghmde,2023-11-20T18:25:28Z,"classic bollywood,filmi",0.393,0.402,2,-10.555,1,0.0288,0.832,0.00000854,0.0724,0.599,100.977,4
4KMOYOKxAjLStjeILAbAGr,"61JrslREXq98hurYL2hYoc,1T9OoG7UpwFdav6EGJ9v7U","Tere Mere Honthon Pe - From Chandni","Ek Cup Dhoop","Lata Mangeshkar,Babla Mehta",2017-01-17,333200,0,spotify:user:31zxctonsrbt6wbuxboxu7eghmde,2023-11-20T18:25:28Z,"classic bollywood,filmi,lata,bhajan",0.262,0.419,6,-17.099,1,0.041,0.807,0.0000108,0.0932,0.356,73.918,3
0L3GtiGLGdQKajLljkfsRz,"2ijWbN5KykTYiBoVmhzCTU","Tum Itna Jo Muskura Rahe Ho - From Arth","Selfie With Jagjit Singh","Jagjit Singh",2014-05-05,321311,0,spotify:user:31zxctonsrbt6wbuxboxu7eghmde,2023-11-20T18:25:28Z,"classic bollywood,filmi,ghazal,hare krishna,sufi",0.374,0.331,4,-12.652,1,0.0322,0.352,0.0000146,0.178,0.594,171.381,4
2ggPLVfhZvuaYdjNPJI5GW,"0GF4shudTAFv8ak9eWdd4Y","O Saathi Re - From Muqaddar Ka Sikandar","Selfie with Kishore Kumar","Kishore Kumar",2014-05-30,273200,0,spotify:user:31zxctonsrbt6wbuxboxu7eghmde,2023-11-20T18:25:28Z,"classic bollywood,filmi",0.28,0.504,6,-11.157,1,0.0347,0.849,0.00000881,0.229,0.412,100.722,4
60Tk3fWc1l5V9IcxL5MdKd,"7o7doCwqft91WC690aglWC,5PRw7B1MlnXte2taK1ePlC","Kora Kagaz","Kora Kagaz (feat. Sanah Moidutty)","Sanam,Sanah Moidutty",2015-09-11,204000,0,spotify:user:31zxctonsrbt6wbuxboxu7eghmde,2023-11-20T18:25:28Z,"desi pop,indian indie,mollywood",0.524,0.42,0,-9.033,1,0.0301,0.699,0,0.0902,0.549,179.968,3
1yWviZhwj0oVNL1e2sudKo,"61JrslREXq98hurYL2hYoc","Tere Bina Jiya Jaye Na","Sangam - Lata / Gulzar / R D Burman","Lata Mangeshkar",2003-09-22,352027,0,spotify:user:31zxctonsrbt6wbuxboxu7eghmde,2023-11-20T18:25:28Z,"classic bollywood,filmi,lata",0.365,0.352,3,-12.773,1,0.0303,0.927,0.0000016,0.147,0.515,94.846,4
1ZIC9yBMwZuiJ9zurqz0Dq,"1Ss4YdByiwTuR5Fh9e89sc,0gXDpqwYNDODn7fB0RDN8J","Badan Pe Sitare Lapete Huye (From Prince)","Superstar Shammi Kapoor","Shankar Jaikishan,Mohammed Rafi",2013-07-11,288160,0,spotify:user:31zxctonsrbt6wbuxboxu7eghmde,2023-11-20T18:25:28Z,"classic bollywood,filmi",0.456,0.686,9,-9.07,1,0.0969,0.702,0.0043,0.211,0.77,99.649,4
4IoI7nox0341WqT7q6KQ6N,"0LyfQWJT6nXafLPZqxe9Of","","","",0000,0,0,spotify:user:31zxctonsrbt6wbuxboxu7eghmde,2023-11-20T18:25:28Z,"",0.478,0.286,0,-14.978,1,0.035,0.778,0.109,0.917,0.353,92.552,4
5a51UIdrQZfv0DPDdyM4Sk,"02Um2HIOrUdsy3wqPBZwsj","Hai apna dil to aawara","Hemant Kumar the Legend of India (Bollywood Songs)","Hemant Kumar",2011-04-18,262533,0,spotify:user:31zxctonsrbt6wbuxboxu7eghmde,2023-11-20T18:25:28Z,"classic bollywood,filmi,rabindra sangeet",0.61,0.614,6,-6.234,1,0.0419,0.867,0.184,0.244,0.851,110.464,4
3m7PRVxttK9lTEzE9htD8b,"5as8A4G47Ohu9NSWs3Je8U","Dil Cheez Kya Hai","Umrao Jaan (Original Motion Picture Soundtrack)","Asha Bhosle",1981-12-01,370026,0,spotify:user:31zxctonsrbt6wbuxboxu7eghmde,2023-11-20T18:25:28Z,"chutney,classic bollywood,filmi",0.459,0.652,11,-4.233,1,0.0406,0.887,0.0000148,0.145,0.519,125.104,4
7z9Vn7BnDqsHJpSy6ov2By,"5as8A4G47Ohu9NSWs3Je8U","In Ankhon Ki Masti","Umrao Jaan (Original Motion Picture Soundtrack)","Asha Bhosle",1981-12-01,343453,0,spotify:user:31zxctonsrbt6wbuxboxu7eghmde,2023-11-20T18:25:28Z,"chutney,classic bollywood,filmi",0.516,0.46,5,-11.782,1,0.0368,0.798,0.0000268,0.112,0.5,107.643,4
0w9Z2dfd8yHNq5UH09VYsK,"4K6blSRoklNdpw4mzLxwfn","Chand Sitare","Kaho Naa Pyaar Hai (Original Motion Picture Soundtrack)","Kumar Sanu",1999-12-01,398053,0,spotify:user:31zxctonsrbt6wbuxboxu7eghmde,2023-11-20T18:25:28Z,"filmi,modern bollywood",0.633,0.41,10,-14.42,1,0.0835,0.156,0.0005,0.577,0.787,78.526,4
0yMuFTwUNRfn6j0mhERHj4,"4etv0ut4ws0GbXBtolzf5e","Kabhi Kabhi Mere Dil Mein - From Kabhi Kabhie","Soulful Mukesh","Mukesh",2016-07-14,285022,0,spotify:user:31zxctonsrbt6wbuxboxu7eghmde,2023-11-20T18:25:28Z,"classic bollywood,filmi",0.492,0.264,4,-13.1,1,0.0308,0.941,0.00000606,0.241,0.515,109.057,4
5PBo167XxouN4ZE7pzCX8B,"2lgp536k08u3n6rgIW0lNf","Main Shair To Nahin","Bobby (Original Motion Picture Soundtrack)","Shailendra Singh",1973-12-01,333746,0,spotify:user:31zxctonsrbt6wbuxboxu7eghmde,2023-11-20T18:25:28Z,"classic bollywood,filmi",0.295,0.472,4,-12.074,0,0.0406,0.835,0,0.134,0.587,144.17,3
6GWWLpu5i8cgDP1htqy531,"61JrslREXq98hurYL2hYoc","Chalte Chalte Yun Hi Koi - From Pakeezah","Solid Gold, Vol. 2","Lata Mangeshkar",2014-01-01,353653,0,spotify:user:31zxctonsrbt6wbuxboxu7eghmde,2023-11-20T18:25:28Z,"classic bollywood,filmi,lata",0.447,0.427,8,-12.527,1,0.0667,0.904,0.0000673,0.333,0.575,124.155,4
3Q2BPQ98xlr0VtAczbsue5,"4K6blSRoklNdpw4mzLxwfn","Kuchh Na Kaho - Male Version","1942 A Love Story (Original Motion Picture Soundtrack)","Kumar Sanu",1994-12-01,366400,0,spotify:user:31zxctonsrbt6wbuxboxu7eghmde,2023-11-20T18:25:28Z,"filmi,modern bollywood",0.477,0.416,10,-12.45,1,0.041,0.415,0.0000251,0.0899,0.443,140.357,3
33dTn2q6GQXGQAbd9EnZsJ,"0GF4shudTAFv8ak9eWdd4Y","O Mere Dil Ke Chain - From Mere Jeevan Saathi","Kishore Sings for R. D. Burman","Kishore Kumar",2003-01-14,278000,0,spotify:user:31zxctonsrbt6wbuxboxu7eghmde,2023-11-20T18:25:28Z,"classic bollywood,filmi",0.438,0.46,9,-11.431,0,0.0329,0.863,0,0.0511,0.488,109.129,4
6NmGIj2leVHRKkHEGyechJ,"1mYsTxnqsietFxj1OgoGbG,2ae6PxICSOZHvjqiCcgon8,2IUtwMti1OiT3lkW6RubgH","Yeh Haseen Vadiyan Yeh Khula Aasman","Roja (Original Motion Picture Soundtrack)","A.R. Rahman,S. P. Balasubrahmanyam,K. S. Chithra",1994-03-12,320013,67,spotify:user:31zxctonsrbt6wbuxboxu7eghmde,2023-11-20T18:25:28Z,"filmi",0.64,0.295,5,-16.357,1,0.0397,0.425,0.00000205,0.0804,0.107,121.903,4
443jJdROJpDVhuPOx0aX46,"0LyfQWJT6nXafLPZqxe9Of","","","",0000,0,0,spotify:user:31zxctonsrbt6wbuxboxu7eghmde,2023-11-20T18:25:28Z,"",0.59,0.417,11,-13.843,0,0.0313,0.408,0.000305,0.101,0.551,100.012,4
6MGm4hSEsKx2GLpDwz0EP1,"0gXDpqwYNDODn7fB0RDN8J","Dard-E-Dil Dard-E-Jigar - From Karz","Kabhi Kabhi Mere Dil Mein","Mohammed Rafi",2013-11-01,427626,0,spotify:user:31zxctonsrbt6wbuxboxu7eghmde,2023-11-20T18:25:28Z,"classic bollywood,filmi",0.376,0.525,6,-9.422,1,0.0855,0.341,0,0.0732,0.413,94.684,4
4jMNEOfRJRRhIrqM8yNSbO,"0GF4shudTAFv8ak9eWdd4Y,2JSYASbWU5Y0fVpts3Eq7g","Aise Na Mujhe - From Darling Darling","Darling Darling (Original Motion Picture Soundtrack)","Kishore Kumar,R. D. Burman",1977-01-01,264520,46,spotify:user:31zxctonsrbt6wbuxboxu7eghmde,2023-11-20T18:25:28Z,"classic bollywood,filmi,chutney",0.63,0.52,10,-7.19,1,0.0352,0.656,0,0.0699,0.629,86.047,4
56QNT1NniaflhHb1B4Zazd,"7D2xSvkNBcKylysEnSAbZx","Chura Liya Hai Tumne Jo Dil Ko","Greatest Hits R D-Burman His Finest Ever","Asha Bhosle & Mohd. Rafi",2007,286200,0,spotify:user:31zxctonsrbt6wbuxboxu7eghmde,2023-11-20T18:25:28Z,"",0.469,0.343,9,-10.134,0,0.0301,0.734,0.00000401,0.105,0.583,81.352,4
5rSJx3kUl8bD0GhVB5NTg9,"2JSYASbWU5Y0fVpts3Eq7g,0gXDpqwYNDODn7fB0RDN8J,5as8A4G47Ohu9NSWs3Je8U","O Haseena Zulfonwale Jane Jahan","R D Burman - Safar - A Journey Vol. 1","R. D. Burman,Mohammed Rafi,Asha Bhosle",2003-02-22,413066,0,spotify:user:31zxctonsrbt6wbuxboxu7eghmde,2023-11-20T18:25:28Z,"chutney,classic bollywood,filmi",0.548,0.443,0,-11.685,1,0.0578,0.801,0.00000362,0.511,0.823,93.768,4
5WhIrgcop4p6aWMFuA7anf,"4WeWmjyUwzhzs12rWMDRYe","Tujhse Naraz Nahin Zindagi","Greatest Hits R D-Burman His Finest Ever","Anup Ghoshal",2007,340480,0,spotify:user:31zxctonsrbt6wbuxboxu7eghmde,2023-11-20T18:25:28Z,"classic bangla pop",0.568,0.466,7,-10.201,1,0.0317,0.214,0.0000246,0.115,0.604,97.967,4
5aXIJ3vmj48Tp2tJAIp0AZ,"3FUsBvR17pN0Wu4XKLoRKv","Kya Hua Tera Vada","Greatest Hits R D-Burman His Finest Ever","Mohd. Rafi & Sushma Shreshtha",2007,263120,0,spotify:user:31zxctonsrbt6wbuxboxu7eghmde,2023-11-20T18:25:28Z,"",0.517,0.471,5,-10.344,1,0.0312,0.714,0.00000502,0.156,0.617,97.943,4
5U4Yd6OKUCqCqp44cyHZDV,"5uL7cXOFYlR78lgS08tkBL,0gXDpqwYNDODn7fB0RDN8J","Taarif Karoon Kya Uski (From Kashmir Ki Kali)","Superstar Shammi Kapoor","O. P. Nayyar,Mohammed Rafi",2013-07-11,326666,0,spotify:user:31zxctonsrbt6wbuxboxu7eghmde,2023-11-20T18:25:28Z,"classic bollywood,filmi",0.601,0.46,6,-12.047,0,0.0477,0.811,0,0.526,0.831,109.346,4
1s5WxFqKCdxZ1h5vOZeaBz,"4K6blSRoklNdpw4mzLxwfn","Ek Ladki Ko Dekha","Rough Guide To Bollywood","Kumar Sanu",2010-09-27,275746,0,spotify:user:31zxctonsrbt6wbuxboxu7eghmde,2023-11-20T18:25:28Z,"filmi,modern bollywood",0.516,0.409,10,-13.384,1,0.0315,0.616,0,0.0825,0.827,80.986,4
7s2WeN4Fs0iUKkD7Zkr6L1,"4etv0ut4ws0GbXBtolzf5e","Main Pal Do Pal Ka Shair Hoon","Kabhi Kabhie (Original Motion Picture Soundtrack)","Mukesh",1976-12-30,204040,0,spotify:user:31zxctonsrbt6wbuxboxu7eghmde,2023-11-20T18:25:28Z,"classic bollywood,filmi",0.566,0.334,4,-13.626,1,0.0309,0.85,0,0.632,0.64,124.193,4
3CSJynywxiscyFHJBJPJfT,"0GF4shudTAFv8ak9eWdd4Y,5as8A4G47Ohu9NSWs3Je8U","Yeh Vaada Raha - Yeh Vaada Raha / Soundtrack Version","Yeh Vaada Raha (OST)","Kishore Kumar,Asha Bhosle",1982-01-01,409333,0,spotify:user:31zxctonsrbt6wbuxboxu7eghmde,2023-11-20T18:25:28Z,"classic bollywood,filmi,chutney",0.54,0.65,0,-6.554,1,0.0382,0.643,0.000123,0.123,0.635,72.52,4
4cdOZvRAf9xyuZFNh06MFe,"0GF4shudTAFv8ak9eWdd4Y","Chalte Chalte - From Chalte Chalte","Chalte Chalte…Kishore Da’s Greatest Hits","Kishore Kumar",2012-01-01,310413,0,spotify:user:31zxctonsrbt6wbuxboxu7eghmde,2023-11-20T18:25:28Z,"classic bollywood,filmi",0.59,0.577,6,-8.815,0,0.0338,0.474,0,0.172,0.625,124.716,4
3BQj6QSXAjRAs2Ooi8QSzX,"5as8A4G47Ohu9NSWs3Je8U,2JSYASbWU5Y0fVpts3Eq7g","Piya Tu Ab To Aaja (From Caravan)","The Very Best Of Asha Bhosle: The Queen Of Bollywood","Asha Bhosle,R. D. Burman",2004,323640,0,spotify:user:31zxctonsrbt6wbuxboxu7eghmde,2023-11-20T18:25:28Z,"chutney,classic bollywood,filmi",0.436,0.68,4,-8.045,0,0.0614,0.783,0.0067,0.169,0.414,124.178,4
0y3LAlpmB2K6oesWyRPQCg,"61JrslREXq98hurYL2hYoc","Pyar Kiya To Darna Kya - From Mughal-E-Azam","Emotions","Lata Mangeshkar",2014-09-02,381080,0,spotify:user:31zxctonsrbt6wbuxboxu7eghmde,2023-11-20T18:25:28Z,"classic bollywood,filmi,lata",0.375,0.619,9,-6.886,1,0.0608,0.818,0.00000134,0.482,0.68,102.124,3
23RptrXV8lKQiPE6ysGD9W,"61JrslREXq98hurYL2hYoc,0GF4shudTAFv8ak9eWdd4Y","Kora Kagaz Tha Yeh Man Mera - From Aradhana","Emotions","Lata Mangeshkar,Kishore Kumar",2014-09-02,340093,0,spotify:user:31zxctonsrbt6wbuxboxu7eghmde,2023-11-20T18:25:28Z,"classic bollywood,filmi,lata",0.336,0.35,10,-13.482,1,0.0564,0.979,0.0378,0.127,0.671,200.397,3
0i75pj43vB7torwbiWlVaY,"61JrslREXq98hurYL2hYoc,0GF4shudTAFv8ak9eWdd4Y","Tere Bina Zindagi Se - From Aandhi","Emotions","Lata Mangeshkar,Kishore Kumar",2014-09-02,354013,0,spotify:user:31zxctonsrbt6wbuxboxu7eghmde,2023-11-20T18:25:28Z,"classic bollywood,filmi,lata",0.378,0.419,3,-9.876,1,0.0293,0.93,0.00000113,0.121,0.455,94.68,4
1wn8IzR7DDLvT0ZAECy3ru,"61JrslREXq98hurYL2hYoc,0GF4shudTAFv8ak9eWdd4Y","Bheegi Bheegi Raaton Mein - From Ajnabee","Emotions","Lata Mangeshkar,Kishore Kumar",2014-09-02,233053,0,spotify:user:31zxctonsrbt6wbuxboxu7eghmde,2023-11-20T18:25:28Z,"classic bollywood,filmi,lata",0.514,0.429,1,-13.218,0,0.0434,0.99,0.0597,0.419,0.686,94.702,4
7u5eIk8q6QIBJavwoObsqf,"0LyfQWJT6nXafLPZqxe9Of","","","",0000,0,0,spotify:user:31zxctonsrbt6wbuxboxu7eghmde,2023-11-20T18:25:28Z,"",0.342,0.573,0,-7.44,1,0.0341,0.823,0.00158,0.0959,0.516,140.88,4
63HWC22DCGjz9XzHWcBn6G,"0LyfQWJT6nXafLPZqxe9Of","","","",0000,0,0,spotify:user:31zxctonsrbt6wbuxboxu7eghmde,2023-11-20T18:25:28Z,"",0.579,0.313,4,-10.927,0,0.262,0.0962,0.000573,0.0872,0.83,118.065,4
7BLyGXLdduE6j2ztIuo36V,"1UUufrixCdzil1guLNM5JR,0BchiI2EvnfgIRXq7du3L0","Aaj Jaane Ki Zid Na Karo (feat. Rohini Ravada)","The Shrutibox, Vol. 2.","Shankar Tucker,Rohini Ravada",2012-11-18,277874,0,spotify:user:31zxctonsrbt6wbuxboxu7eghmde,2023-11-20T18:25:28Z,"indian folk",0.635,0.317,5,-11.611,1,0.0278,0.88,0.0000613,0.0719,0.238,101.003,1
7cKP8w4ZQ6yK5lky6bcocI,"0gXDpqwYNDODn7fB0RDN8J,5as8A4G47Ohu9NSWs3Je8U","Abhi Na Jao Chhod Kar","Hum Dono (Original Motion Picture Soundtrack)","Mohammed Rafi,Asha Bhosle",2014-01-28,257706,0,spotify:user:31zxctonsrbt6wbuxboxu7eghmde,2023-11-20T18:25:28Z,"classic bollywood,filmi,chutney",0.324,0.466,3,-7.407,1,0.045,0.895,0.00205,0.39,0.5,84.138,3
5EMfVbTj57rTBih2ZusCAz,"5as8A4G47Ohu9NSWs3Je8U","Duniya Mein","Love Supreme","Asha Bhosle",2006-03-07,350240,0,spotify:user:31zxctonsrbt6wbuxboxu7eghmde,2023-11-20T18:25:28Z,"chutney,classic bollywood,filmi",0.53,0.677,4,-7.638,0,0.0815,0.702,0.000038,0.125,0.62,62.358,4
0x6uQ4XMGrPDcYiWRZlBSq,"0GF4shudTAFv8ak9eWdd4Y,2JSYASbWU5Y0fVpts3Eq7g","Saagar Jaisi Aankhonwali - From Saagar","Saagar (Original Motion Picture Soundtrack)","Kishore Kumar,R. D. Burman",1985-01-01,303400,49,spotify:user:31zxctonsrbt6wbuxboxu7eghmde,2023-11-20T18:25:28Z,"classic bollywood,filmi,chutney",0.554,0.397,9,-11.293,0,0.0326,0.648,0,0.107,0.395,111.812,4
4cZnAfXyUkiQIDQwrEfZ2Q,"0GF4shudTAFv8ak9eWdd4Y","Roop Tera Mastana","The Golden Collection - Kishore Kumar, Vol. 2","Kishore Kumar",1996,226466,0,spotify:user:31zxctonsrbt6wbuxboxu7eghmde,2023-11-20T18:25:28Z,"classic bollywood,filmi",0.561,0.348,5,-11.668,1,0.0942,0.92,0.141,0.318,0.575,79.878,4
36Y6Xp1yKuwB3bGQcDgkp4,"6p4FpOvJaSSljYGlkKsS40,6uskWv5K2FA0YOAYr7JOUz","Awara Hoon - The Bartender Mix","The Bartender - Classic Bollywood With A Twist","Mikey McCleary,Shalmali Kholgade",2014-05-14,181954,0,spotify:user:31zxctonsrbt6wbuxboxu7eghmde,2023-11-20T18:25:28Z,"filmi,modern bollywood",0.588,0.855,5,-2.888,0,0.0456,0.38,0.0781,0.325,0.846,169.96,4
5vZYBUjVtsY6JyNUwscES1,"5as8A4G47Ohu9NSWs3Je8U","Aao Huzoor Tumko","Kismat (Original Motion Picture Soundtrack)","Asha Bhosle",1968-12-31,352920,0,spotify:user:31zxctonsrbt6wbuxboxu7eghmde,2023-11-20T18:25:28Z,"chutney,classic bollywood,filmi",0.492,0.213,11,-11.224,0,0.0447,0.915,0.00000723,0.148,0.515,110.463,4
7dbO1k9ryxPFJG0fvYBffu,"4K6blSRoklNdpw4mzLxwfn,3gBKY0y3dFFVRqicLnVZYz","Ek Din Aap (From Yes Boss)","Bollywood Music - Kumar Sanu At His Best, Vol. 2","Kumar Sanu,Alka Yagnik",2016-07-01,266066,53,spotify:user:31zxctonsrbt6wbuxboxu7eghmde,2023-11-20T18:25:28Z,"filmi,modern bollywood,hare krishna",0.462,0.375,4,-13.184,1,0.0309,0.642,0,0.189,0.612,145.35,3
0Lh6Uh4EBs8p68uo5zmpKf,"3OLGltG8UPIea8sA4w0yg0","Sanu Ik Pal Chain Na","All Time Rahat Romantic Songs","Rahat Fateh Ali Khan",2014-09-16,517590,0,spotify:user:31zxctonsrbt6wbuxboxu7eghmde,2023-11-20T18:25:28Z,"classic pakistani pop,filmi,modern bollywood,qawwali,sufi",0.473,0.556,5,-13.552,1,0.0477,0.0748,0.0000481,0.374,0.8,136.212,4
1rzcdUMnvqN4jyJErBQr6p,"0GF4shudTAFv8ak9eWdd4Y","Yeh Sham Mastani - From Kati Patang","Forever Kishore Kumar","Kishore Kumar",2015-07-29,277026,0,spotify:user:31zxctonsrbt6wbuxboxu7eghmde,2023-11-20T18:25:28Z,"classic bollywood,filmi",0.42,0.494,6,-10.997,1,0.034,0.886,0,0.336,0.555,116.04,4
71DSYKh78MZpuI0VXqnGKq,"61JrslREXq98hurYL2hYoc,0GF4shudTAFv8ak9eWdd4Y","Tere Chehre Se Nazar Nahin - From Kabhi Kabhie","Darmiyaan: Lata Mangeshkar and Kishore Kumar","Lata Mangeshkar,Kishore Kumar",2015-12-10,302400,0,spotify:user:31zxctonsrbt6wbuxboxu7eghmde,2023-11-20T18:25:28Z,"classic bollywood,filmi,lata",0.491,0.562,3,-8.738,1,0.0353,0.833,0,0.244,0.669,93.169,4
7vQeYup7c7EuJimfAcxNq6,"2ijWbN5KykTYiBoVmhzCTU,4YgUVg4p7xtMOrOS4GjiJZ","Hoshwalon Ko Khabar Kya (From Sarfarosh)","Hoshwalon Ko Khabbar Kya","Jagjit Singh,Jatin-Lalit",2013-07-12,307000,0,spotify:user:31zxctonsrbt6wbuxboxu7eghmde,2023-11-20T18:25:28Z,"classic bollywood,filmi,ghazal,hare krishna,sufi,afghan pop,chutney,modern bollywood",0.537,0.447,6,-12.014,1,0.031,0.243,0,0.254,0.535,94.085,4
1TRSLqp9F9GG7tSuKQMXvC,"4K6blSRoklNdpw4mzLxwfn,0xHXoShMJw3xDArjL8IHtt","Do Dil Mil Rahe Hai","Pardes (Original Motion Picture Soundtrack)","Kumar Sanu,Nadeem Shravan",1997-08-08,399766,0,spotify:user:31zxctonsrbt6wbuxboxu7eghmde,2023-11-20T18:25:28Z,"filmi,modern bollywood,classic bollywood",0.525,0.504,10,-14.236,1,0.0531,0.119,0.00000109,0.0793,0.416,188.024,4
5rDZ2pufeJOH4bvngRfkbf,"0LyfQWJT6nXafLPZqxe9Of","","","",0000,0,0,spotify:user:31zxctonsrbt6wbuxboxu7eghmde,2023-11-20T18:25:28Z,"",0.349,0.616,5,-5.66,0,0.0387,0.925,0.0015,0.453,0.499,121.252,4
1jZ0A357xXLMlSRCXNHBSQ,"5as8A4G47Ohu9NSWs3Je8U","Thodi Der Ke Liye Mere Ho Jao - From Akeli Mat Jaiyo","Legends: Asha Bhosle - The Enchantress, Vol. 2","Asha Bhosle",2013-03-05,192506,0,spotify:user:31zxctonsrbt6wbuxboxu7eghmde,2023-11-20T18:25:28Z,"chutney,classic bollywood,filmi",0.544,0.417,7,-10.602,0,0.0585,0.992,0.00568,0.71,0.751,119.259,4
2RoiingtYINIShKHolukPt,"2IUtwMti1OiT3lkW6RubgH","Kehna Hi Kya - Bombay / Soundtrack Version","Bombay (OST)","K. S. Chithra",1994-01-01,353893,0,spotify:user:31zxctonsrbt6wbuxboxu7eghmde,2023-11-20T18:25:28Z,"filmi",0.693,0.268,9,-15.606,0,0.0774,0.682,0,0.0658,0.587,127.056,4
27C0Jgc960KLU62gGeCWA1,"0GF4shudTAFv8ak9eWdd4Y,61JrslREXq98hurYL2hYoc","Rimjhim Gire Sawan - From Manzil","In Love with Kishore Kumar","Kishore Kumar,Lata Mangeshkar",2017-02-02,216373,0,spotify:user:31zxctonsrbt6wbuxboxu7eghmde,2023-11-20T18:25:28Z,"classic bollywood,filmi,lata",0.376,0.462,1,-9.545,0,0.0335,0.823,0.004,0.122,0.736,106.948,3
72EQdI9jgx5IkOIXuvhRb0,"4FMGD43a8aLM0LRKXDSXne,0w4e7HVbqAHFPN6VkIlvhe","Huzur Is Kadar","Masoom (Original Motion Picture Soundtrack)","Bhupinder Singh,Suresh Wadkar",1960-12-01,233133,0,spotify:user:31zxctonsrbt6wbuxboxu7eghmde,2023-11-20T18:25:28Z,"classic bollywood,filmi,marathi devotional,bhajan,garhwali pop,hare krishna",0.595,0.493,7,-10.487,0,0.041,0.719,0,0.329,0.373,120.601,3
40xaEPZXrzoPuxHanOPfdB,"7FNgTuxh3LCWiozdKmUwRk","Do Naina Aur Ek Kahani","Masoom (Original Motion Picture Soundtrack)","Aarti Mukherji",1960-12-01,326640,0,spotify:user:31zxctonsrbt6wbuxboxu7eghmde,2023-11-20T18:25:28Z,"classic bangla pop,classic bollywood,filmi",0.5,0.31,9,-13.013,1,0.028,0.717,0.00000181,0.0509,0.387,95.492,4
02zPo0Dt0R4TTFY5zLJZnK,"7pWXlTjky0KXWgbdZi9ebq,0GF4shudTAFv8ak9eWdd4Y","Neele Neele Ambar Par - Male Version","Kalaakaar (Original Motion Picture Soundtrack)","Kalyanji-Anandji,Kishore Kumar",1983-06-10,320000,68,spotify:user:31zxctonsrbt6wbuxboxu7eghmde,2023-11-20T18:25:28Z,"classic bollywood,filmi",0.562,0.696,0,-7.612,1,0.0397,0.628,0,0.172,0.722,93.801,4
0s9Rh73nBce2twJtTLGz1P,"5as8A4G47Ohu9NSWs3Je8U,0gXDpqwYNDODn7fB0RDN8J","Diwana Hua Badal","Kashmir Ki Kali (Original Motion Picture Soundtrack)","Asha Bhosle,Mohammed Rafi",1964-12-30,356893,28,spotify:user:31zxctonsrbt6wbuxboxu7eghmde,2023-11-20T18:25:28Z,"chutney,classic bollywood,filmi",0.482,0.356,8,-11.877,1,0.0294,0.895,0.00000178,0.195,0.541,99.729,4
31h2OADQEXLYor3p2X81cQ,"0gXDpqwYNDODn7fB0RDN8J","Khoya Khoya Chand Khula Aasman","Kala Bazar (Original Motion Picture Soundtrack)","Mohammed Rafi",1960-01-01,280080,29,spotify:user:31zxctonsrbt6wbuxboxu7eghmde,2023-11-20T18:25:28Z,"classic bollywood,filmi",0.497,0.549,9,-7.436,1,0.0349,0.749,0.0000166,0.508,0.74,81.288,4
3p2n1UTPBc5RdQY9X94Xpg,"4YgUVg4p7xtMOrOS4GjiJZ,2ZRrPOjBIWoKK5rHedLijj,3gBKY0y3dFFVRqicLnVZYz","Aur Kya","Phir Bhi Dil Hai Hindustani (Original Motion Picture Soundtrack)","Jatin-Lalit,Abhijeet,Alka Yagnik",1999-12-05,303733,57,spotify:user:31zxctonsrbt6wbuxboxu7eghmde,2023-11-20T18:25:28Z,"afghan pop,chutney,classic bollywood,filmi,modern bollywood,hare krishna",0.632,0.682,10,-6.956,1,0.0305,0.459,0.000602,0.0909,0.775,119.032,4
7fxi1nuAVENApf7H3VivFH,"3OLGltG8UPIea8sA4w0yg0","Mann Ki Lagan","Paap (Original Motion Picture Soundtrack)","Rahat Fateh Ali Khan",2003-09-04,291920,47,spotify:user:31zxctonsrbt6wbuxboxu7eghmde,2023-11-20T18:25:28Z,"classic pakistani pop,filmi,modern bollywood,qawwali,sufi",0.641,0.483,9,-13.294,1,0.0386,0.452,0.00199,0.269,0.783,147.873,4
34T36Plbl0NGxN4YSqZ1Vd,"6WPmTGeeoymoVlXVtsCwz7,7N0SBLJFpCyQSsv4MfRJ5d","Sunta Hai Mera Khuda (From Pukar)","Bollywood Collection of Kavita Krishnamurthy","Kavita Krishnamurthy,Swarnalatha",2016-07-01,396240,37,spotify:user:31zxctonsrbt6wbuxboxu7eghmde,2023-11-20T18:25:28Z,"classic bollywood,filmi",0.592,0.575,8,-13.855,1,0.0591,0.0916,0.0000231,0.057,0.837,155.969,4
64xC67m2VV24RykHrBH1kw,"02Um2HIOrUdsy3wqPBZwsj","Jane Woh Kaise Log The","Pyaasa (Original Motion Picture Soundtrack)","Hemant Kumar",1957-12-30,259120,40,spotify:user:31zxctonsrbt6wbuxboxu7eghmde,2023-11-20T18:25:28Z,"classic bollywood,filmi,rabindra sangeet",0.514,0.273,4,-8.322,1,0.0376,0.956,0,0.0829,0.496,92.879,4
1lq55yqSIDg3ZzDHai2Eot,"0GF4shudTAFv8ak9eWdd4Y,5as8A4G47Ohu9NSWs3Je8U","Yeh Raaten Yeh Mausam (From Dilli Ka Thug)","One Man Many Roles - Kishore Kumar","Kishore Kumar,Asha Bhosle",2018-06-06,201160,44,spotify:user:31zxctonsrbt6wbuxboxu7eghmde,2023-11-20T18:25:28Z,"classic bollywood,filmi,chutney",0.505,0.216,4,-12.355,0,0.0508,0.976,0.00000164,0.146,0.709,148.791,3
3aQX1tNZqqQj6xvIV611UP,"4kcoiVXIxvUoLUoHY1vJYU","Ae Mere Zohra Jabeen","Waqt (Original Motion Picture Soundtrack)","Manna Dey",1965-12-31,235333,42,spotify:user:31zxctonsrbt6wbuxboxu7eghmde,2023-11-20T18:25:28Z,"classic bollywood,filmi,rabindra sangeet",0.441,0.463,6,-11.476,0,0.074,0.984,0.14,0.0993,0.515,79.579,3
0gZcQycIKgeqIhT1EjEmTO,"7o7doCwqft91WC690aglWC","Jaane Woh Kaise","Jaane Woh Kaise - Single","Sanam",2017-11-30,261290,30,spotify:user:31zxctonsrbt6wbuxboxu7eghmde,2023-11-20T18:25:28Z,"desi pop",0.564,0.36,4,-9.737,1,0.0249,0.861,0,0.104,0.374,92.943,4
4sXgDetT8pkMwRYBQKbsJJ,"2cSTR1OokyOU0DXMLOHHdv","Koi Faryaad ( Cover )","Koi Faryaad","Mustahsan Khan",2017-08-12,301128,31,spotify:user:31zxctonsrbt6wbuxboxu7eghmde,2023-11-20T18:25:28Z,"",0.496,0.353,10,-9.331,0,0.0267,0.915,0.000157,0.0862,0.285,83.98,4
5VGNtow5pqQXFa0a1QAIBb,"61JrslREXq98hurYL2hYoc","Ajib Dastan Hai Yeh (From Dil Apna Aur Preet Parai)","Diamonds Forever - Lata Mangeshkar","Lata Mangeshkar",2018-02-28,315613,45,spotify:user:31zxctonsrbt6wbuxboxu7eghmde,2023-11-20T18:25:28Z,"classic bollywood,filmi,lata",0.566,0.412,5,-12.63,1,0.0309,0.875,0.00314,0.204,0.679,102.478,4
0rQM7bdqzGw1tDKzZUSPNT,"0gXDpqwYNDODn7fB0RDN8J","Sar Jo Tera Chakraye (From ''Pyaasa'')","Classic Bollywood Scores, Vol. 71: Professor (1962), Pyaasa (1957), Pyar Ka Sagar (1961)","Mohammed Rafi",2018-10-02,293694,0,spotify:user:31zxctonsrbt6wbuxboxu7eghmde,2023-11-20T18:25:28Z,"classic bollywood,filmi",0.822,0.361,1,-10.86,0,0.342,0.673,0,0.146,0.894,94.684,4
0hw2gCCtOClfFjpWGRWBq1,"0GF4shudTAFv8ak9eWdd4Y","Zaroorat Hai Zaroorat Hai (From ''Man-Mauji'')","Classic Bollywood Scores, Vol. 55: Malhar (1951), Man-Mauji (1962), Mausi (1958), Mayurpankh (1954)","Kishore Kumar",2018-10-01,266031,0,spotify:user:31zxctonsrbt6wbuxboxu7eghmde,2023-11-20T18:25:28Z,"classic bollywood,filmi",0.805,0.543,7,-8.245,1,0.101,0.77,0,0.0938,0.964,123.731,4
5EaBewYeUhc2qTVikWhJnF,"0GF4shudTAFv8ak9eWdd4Y","Musafir Hoon Yaron (From Parichay)","Pa Se Pancham","Kishore Kumar",2018-02-28,189920,20,spotify:user:31zxctonsrbt6wbuxboxu7eghmde,2023-11-20T18:25:28Z,"classic bollywood,filmi",0.419,0.38,0,-12.594,1,0.0369,0.747,0.00000247,0.0894,0.371,98.557,4
0LT0APsnMlmcjpt2ZltCm2,"4K6blSRoklNdpw4mzLxwfn,1HGMG8RHvcu1mfdM9MeTek","Jab Koi Baat Bigad Jaye","Jurm (Original Motion Picture Soundtrack)","Kumar Sanu,Sadhana Sargam",1991-08-15,480813,59,spotify:user:31zxctonsrbt6wbuxboxu7eghmde,2023-11-20T18:25:28Z,"filmi,modern bollywood,classic bollywood,hare krishna",0.649,0.716,4,-8.846,1,0.0245,0.172,0.00000211,0.171,0.808,111.656,4
1os8EZQ7v3ZjInGg1qvtq9,"61JrslREXq98hurYL2hYoc,0GF4shudTAFv8ak9eWdd4Y","Is Mod Se Jate Hain - Duet","Aandhi (Original Motion Picture Soundtrack)","Lata Mangeshkar,Kishore Kumar",1975-12-30,296306,30,spotify:user:31zxctonsrbt6wbuxboxu7eghmde,2023-11-20T18:25:28Z,"classic bollywood,filmi,lata",0.488,0.352,1,-12.566,1,0.0347,0.865,0,0.268,0.533,89.466,4
5y1lp6YObOD1dAjj9Qdb0K,"61JrslREXq98hurYL2hYoc","Ye Samaa Samaa Hai Pyar Ka","Jab Jab Phool Khile (Original Motion Picture Soundtrack)","Lata Mangeshkar",1965-10-22,286296,28,spotify:user:31zxctonsrbt6wbuxboxu7eghmde,2023-11-20T18:25:28Z,"classic bollywood,filmi,lata",0.425,0.449,5,-8.754,1,0.0655,0.988,0.0684,0.0997,0.395,126.553,4
2HzuZyBtJQcypPtXZyJ98n,"0xawOgbaKGtq7KSlrRWrWP","Lambi Judaai","Hero (Original Motion Picture Soundtrack)","Reshma",1983-12-09,388840,26,spotify:user:31zxctonsrbt6wbuxboxu7eghmde,2023-11-20T18:25:28Z,"classic bollywood,classic pakistani pop,filmi,ghazal,pakistani folk,sufi",0.495,0.536,11,-10.651,1,0.0555,0.485,0.00000315,0.17,0.562,135.605,4
1YPDjofBwSznnCKsYhpT3U,"61JrslREXq98hurYL2hYoc","Barsaat Mein Humse Mile","Barsaat (Original Motion Picture Soundtrack)","Lata Mangeshkar",1949-12-31,198960,19,spotify:user:31zxctonsrbt6wbuxboxu7eghmde,2023-11-20T18:25:28Z,"classic bollywood,filmi,lata",0.445,0.448,3,-11.586,1,0.068,0.97,0.115,0.135,0.737,179.544,3
1Knb9LvE9jMf7q26rcPWaE,"02Um2HIOrUdsy3wqPBZwsj","Beqarar Karke Hamen Yun Na Jaiye","Bees Saal Baad (Original Motion Picture Soundtrack)","Hemant Kumar",1961-12-01,189880,40,spotify:user:31zxctonsrbt6wbuxboxu7eghmde,2023-11-20T18:25:28Z,"classic bollywood,filmi,rabindra sangeet",0.671,0.446,10,-11.823,0,0.0413,0.971,0.243,0.621,0.747,113.587,4
70w0vFZM1Q6TMX6qTuFco3,"61JrslREXq98hurYL2hYoc","Jiya Beqarar Hai","Barsaat (Original Motion Picture Soundtrack)","Lata Mangeshkar",1949-12-31,186000,19,spotify:user:31zxctonsrbt6wbuxboxu7eghmde,2023-11-20T18:25:28Z,"classic bollywood,filmi,lata",0.738,0.582,3,-9.035,1,0.0316,0.906,0.00301,0.404,0.951,107.038,4
2HfcIKtw9BJM89z09pRDzg,"61JrslREXq98hurYL2hYoc","Aayega Aanewala","Mahal (Original Motion Picture Soundtrack)","Lata Mangeshkar",1949-01-01,412426,17,spotify:user:31zxctonsrbt6wbuxboxu7eghmde,2023-11-20T18:25:28Z,"classic bollywood,filmi,lata",0.299,0.379,7,-11.456,0,0.0373,0.45,0.423,0.123,0.299,113.757,4
1fTJIGK6BkARUxrqk9EzrJ,"0gXDpqwYNDODn7fB0RDN8J","Zindagi Bhar Nahi Bhoolegi","Barsaat Ki Raat (Original Motion Picture Soundtrack)","Mohammed Rafi",1960-01-01,245487,20,spotify:user:31zxctonsrbt6wbuxboxu7eghmde,2023-11-20T18:25:28Z,"classic bollywood,filmi",0.683,0.301,0,-12.853,1,0.0514,0.978,0.837,0.0912,0.633,111.796,4
1Bv6FBgXW3UEaEEJtBCeEo,"5as8A4G47Ohu9NSWs3Je8U,0gXDpqwYNDODn7fB0RDN8J","Achha Ji Main Haari Chalo","Kala Pani (Original Motion Picture Soundtrack)","Asha Bhosle,Mohammed Rafi",1958-01-01,207733,39,spotify:user:31zxctonsrbt6wbuxboxu7eghmde,2023-11-20T18:25:28Z,"chutney,classic bollywood,filmi",0.651,0.525,2,-6.406,1,0.0589,0.935,0.0000178,0.101,0.815,101.733,4
5nPDpmxvrSpMuMq5LlayPN,"61JrslREXq98hurYL2hYoc","Aawara Ae Mere Dil, Pt. 2","Raat Aur Din (Original Motion Picture Soundtrack)","Lata Mangeshkar",1967-01-01,224000,14,spotify:user:31zxctonsrbt6wbuxboxu7eghmde,2023-11-20T18:25:28Z,"classic bollywood,filmi,lata",0.265,0.496,7,-10.692,0,0.0348,0.962,0.696,0.362,0.595,173.794,4
1OTHxO5AO0XohUfKRRK03X,"0gXDpqwYNDODn7fB0RDN8J","Suhani Raat Dhal Chuki","Dulari (Original Motion Picture Soundtrack)","Mohammed Rafi",1949-12-31,209533,24,spotify:user:31zxctonsrbt6wbuxboxu7eghmde,2023-11-20T18:25:28Z,"classic bollywood,filmi",0.522,0.107,5,-14.198,1,0.0311,0.953,0.000244,0.0918,0.374,96.986,1
6piaUZ902sp5Qm2n1CxGzU,"0LyfQWJT6nXafLPZqxe9Of","","","",0000,0,0,spotify:user:31zxctonsrbt6wbuxboxu7eghmde,2023-11-20T18:25:28Z,"",0.426,0.578,3,-6.057,0,0.0399,0.689,0,0.265,0.46,87.615,4
7Avl75LRSHu6J13bt67W2o,"61JrslREXq98hurYL2hYoc,0GF4shudTAFv8ak9eWdd4Y,2JSYASbWU5Y0fVpts3Eq7g","Kya Yahi Pyar Hai - From Rocky","Audiobiography","Lata Mangeshkar,Kishore Kumar,R. D. Burman",2013-01-01,384493,55,spotify:user:31zxctonsrbt6wbuxboxu7eghmde,2023-11-20T18:25:28Z,"classic bollywood,filmi,lata,chutney",0.648,0.41,7,-9.564,0,0.0268,0.413,0,0.12,0.601,102.64,4
6UKymbrZD8P11o93lS3aJZ,"5as8A4G47Ohu9NSWs3Je8U","Katra Katra","Ijaazat (Original Motion Picture Soundtrack)","Asha Bhosle",1986-12-31,363554,20,spotify:user:31zxctonsrbt6wbuxboxu7eghmde,2023-11-20T18:25:28Z,"chutney,classic bollywood,filmi",0.495,0.484,11,-5.459,1,0.0273,0.864,0.0115,0.225,0.412,96.845,4
1ktCVRr2DZdKpDmhEuHBq2,"5as8A4G47Ohu9NSWs3Je8U","Mera Kuchh Samaan","Ijaazat (Original Motion Picture Soundtrack)","Asha Bhosle",1986-12-31,398973,31,spotify:user:31zxctonsrbt6wbuxboxu7eghmde,2023-11-20T18:25:28Z,"chutney,classic bollywood,filmi",0.439,0.315,0,-12.45,1,0.0352,0.914,0.00185,0.189,0.417,169.795,4
0srQcam1l1Weoa2kDfWDVQ,"4kcoiVXIxvUoLUoHY1vJYU","Dil Ka Haal Sune Dilwala","Shree 420 (The Bollywood Soundtrack)","Manna Dey",2020-04-01,295500,0,spotify:user:31zxctonsrbt6wbuxboxu7eghmde,2023-11-20T18:25:28Z,"classic bollywood,filmi,rabindra sangeet",0.617,0.465,3,-10.551,1,0.0668,0.809,0.00000103,0.141,0.96,153.636,3
5arpQsxQuERBrdQvMIcEhW,"0gXDpqwYNDODn7fB0RDN8J","Aap Ke Haseen Rukh Pe","Baharen Phir Bhi Aayengi (Original Motion Picture Soundtrack)","Mohammed Rafi",1965-12-31,339120,25,spotify:user:31zxctonsrbt6wbuxboxu7eghmde,2023-11-20T18:25:28Z,"classic bollywood,filmi",0.306,0.384,11,-6.907,0,0.0353,0.783,0,0.139,0.463,181.285,3
191TQkiU8Rhc3tcvc0kPr2,"4etv0ut4ws0GbXBtolzf5e","Sab Kuchh Seekha Ham Ne","Anari (Original Motion Picture Soundtrack)","Mukesh",1958-02-03,218760,29,spotify:user:31zxctonsrbt6wbuxboxu7eghmde,2023-11-20T18:25:28Z,"classic bollywood,filmi",0.581,0.543,0,-11.163,1,0.0385,0.473,0.0000133,0.448,0.755,98.354,4
0Fxoh3d6LGdGcX6HD8kUkr,"2ijWbN5KykTYiBoVmhzCTU","Chithi Na Koi Sandesh - Male Vocals","Dushman (Original Motion Picture Soundtrack)","Jagjit Singh",1998-12-30,400280,19,spotify:user:31zxctonsrbt6wbuxboxu7eghmde,2023-11-20T18:25:28Z,"classic bollywood,filmi,ghazal,hare krishna,sufi",0.796,0.484,4,-10.687,1,0.0371,0.106,0.0000722,0.193,0.601,113.078,4
4wznSF1uFh5g8RqChA6Np8,"0GF4shudTAFv8ak9eWdd4Y,2JSYASbWU5Y0fVpts3Eq7g,4FMGD43a8aLM0LRKXDSXne,7z3MqKz5P7DjYSEIRHMSws,2Vrmg3gxg4FX3J13yA2j5P","Pyar Hamen Kis Mod Pe - From Satte Pe Satta","Satte Pe Satta (Original Motion Picture Soundtrack)","Kishore Kumar,R. D. Burman,Bhupinder Singh,Sapan Chakraborty,Gulshan Bawra",1981-01-01,393253,47,spotify:user:31zxctonsrbt6wbuxboxu7eghmde,2023-11-20T18:25:28Z,"classic bollywood,filmi,chutney,marathi devotional",0.451,0.676,0,-5.914,0,0.0844,0.709,0,0.0773,0.671,104.404,4
1kKxvLPfgpG5NRJ9MAmYsu,"61JrslREXq98hurYL2hYoc","Lag Ja Gale Se Phir","Woh Kaun Thi? (Original Motion Picture Soundtrack)","Lata Mangeshkar",2013-11-01,257613,42,spotify:user:31zxctonsrbt6wbuxboxu7eghmde,2023-11-20T18:25:28Z,"classic bollywood,filmi,lata",0.312,0.452,8,-11.872,1,0.0391,0.796,0.000874,0.286,0.391,132.485,3
0tswWwzqhnTAfuqRgfOWS4,"61JrslREXq98hurYL2hYoc","Naina Barse Rimjhim Rimjhim","Woh Kaun Thi? (Original Motion Picture Soundtrack)","Lata Mangeshkar",2013-11-01,385131,21,spotify:user:31zxctonsrbt6wbuxboxu7eghmde,2023-11-20T18:25:28Z,"classic bollywood,filmi,lata",0.437,0.393,6,-8.124,1,0.0383,0.985,0.523,0.16,0.256,129.373,4
4irRRVdxQ1EksPgCWy4UOt,"0LyfQWJT6nXafLPZqxe9Of","","","",0000,0,0,spotify:user:31zxctonsrbt6wbuxboxu7eghmde,2023-11-20T18:25:28Z,"",0.656,0.365,3,-14.051,0,0.0305,0.701,0.0761,0.425,0.639,107.239,4
27Bi9n90kunzgPXzgfqOff,"0QsbYX8XslSSUcztc6u4pO","Babuji Dheere Chalna","Aar Paar (Original Motion Picture Soundtrack)","Geeta Dutt",1954-12-31,207785,32,spotify:user:31zxctonsrbt6wbuxboxu7eghmde,2023-11-20T18:25:28Z,"classic bollywood,filmi",0.544,0.26,8,-10.868,0,0.0547,0.778,0.00000702,0.117,0.925,123.392,4
53YMbR6JdvBLbr6E0lbih0,"5as8A4G47Ohu9NSWs3Je8U","Raat Akeli Hai Bujh Gaye Die","Jewel Thief (Original Motion Picture Soundtrack)","Asha Bhosle",1967-12-30,317880,20,spotify:user:31zxctonsrbt6wbuxboxu7eghmde,2023-11-20T18:25:28Z,"chutney,classic bollywood,filmi",0.553,0.475,1,-9.458,1,0.0534,0.765,0.00449,0.102,0.373,99.834,4
6bQb7p0xbypc7BbvS5XIxt,"0GF4shudTAFv8ak9eWdd4Y","Yeh Dil Na Hota Bechara","Jewel Thief (Original Motion Picture Soundtrack)","Kishore Kumar",1967-12-30,268093,23,spotify:user:31zxctonsrbt6wbuxboxu7eghmde,2023-11-20T18:25:28Z,"classic bollywood,filmi",0.609,0.58,0,-12.191,1,0.0671,0.749,0.0000763,0.0598,0.939,122.229,4
5feXjHwQHTEsJj6J3BLJsw,"0gXDpqwYNDODn7fB0RDN8J,5as8A4G47Ohu9NSWs3Je8U","Uden Jab Jab Zulfen Teri","Naya Daur (Original Motion Picture Soundtrack)","Mohammed Rafi,Asha Bhosle",1957-02-02,387946,21,spotify:user:31zxctonsrbt6wbuxboxu7eghmde,2023-11-20T18:25:28Z,"classic bollywood,filmi,chutney",0.472,0.728,6,-7.21,1,0.0736,0.794,0.0000143,0.298,0.912,137.793,4
2q3VUz3UgA3PVFFRJOMObF,"1nnDcAGbCZYOMCsddidWCX,61JrslREXq98hurYL2hYoc","Bahon Mein Chale Aao (From Anamika)","Flash Back - Lata Mangeshkar with Tabassum","Tabassum,Lata Mangeshkar",2013-11-01,242013,42,spotify:user:31zxctonsrbt6wbuxboxu7eghmde,2023-11-20T18:25:28Z,"classic bollywood,filmi,lata",0.508,0.317,6,-11.251,1,0.0463,0.782,0.0000134,0.0524,0.689,72.879,4
5atT9hzh1FDoqOlVylsfA2,"0GF4shudTAFv8ak9eWdd4Y,5as8A4G47Ohu9NSWs3Je8U","Main Sitaron Ka Tarana","Chalti Ka Naam Gaadi (Original Motion Picture Soundtrack)","Kishore Kumar,Asha Bhosle",1958-01-01,347271,23,spotify:user:31zxctonsrbt6wbuxboxu7eghmde,2023-11-20T18:25:28Z,"classic bollywood,filmi,chutney",0.684,0.472,5,-9.413,1,0.504,0.876,0.0000273,0.331,0.917,98.336,4
5L95qwJbWjtyqJqSMpyHoA,"0QsbYX8XslSSUcztc6u4pO,0gXDpqwYNDODn7fB0RDN8J","Hum Aap Ki Ankhon Mein","Pyaasa (Original Motion Picture Soundtrack)","Geeta Dutt,Mohammed Rafi",1957-12-30,233116,20,spotify:user:31zxctonsrbt6wbuxboxu7eghmde,2023-11-20T18:25:28Z,"classic bollywood,filmi",0.692,0.236,7,-7.726,1,0.0655,0.981,0.000516,0.678,0.789,142.213,4
5I565rcvEZCFQ9R93nOrDd,"5as8A4G47Ohu9NSWs3Je8U","Yeh Kya Kar Dala Tune","Howrah Bridge (Original Motion Picture Soundtrack)","Asha Bhosle",1958-12-31,293133,16,spotify:user:31zxctonsrbt6wbuxboxu7eghmde,2023-11-20T18:25:28Z,"chutney,classic bollywood,filmi",0.719,0.447,5,-9.228,1,0.0564,0.957,0.481,0.252,0.963,115.384,4
4JTCmAI93ei4TuaD7VmDfZ,"0QsbYX8XslSSUcztc6u4pO","Thandi Hawa Kali Ghata","Mr & Mrs 55 (Original Motion Picture Soundtrack)","Geeta Dutt",1955-02-02,213293,11,spotify:user:31zxctonsrbt6wbuxboxu7eghmde,2023-11-20T18:25:28Z,"classic bollywood,filmi",0.56,0.594,7,-6.4,0,0.0401,0.903,0.00000244,0.337,0.965,155.681,3
418v2RdbaHUOdWJt5AzOMP,"4etv0ut4ws0GbXBtolzf5e,61JrslREXq98hurYL2hYoc","Kabhi Kabhi Mere Dil Mein - Duet","Kabhi Kabhie (Original Motion Picture Soundtrack)","Mukesh,Lata Mangeshkar",1976-12-30,298579,38,spotify:user:31zxctonsrbt6wbuxboxu7eghmde,2023-11-20T18:25:28Z,"classic bollywood,filmi,lata",0.506,0.315,4,-10.438,1,0.0316,0.979,0.0000573,0.626,0.398,110.703,4
5pkhgA5BfqsJXXRvomViEY,"0GF4shudTAFv8ak9eWdd4Y","Ham The Woh Thi","Chalti Ka Naam Gaadi (Original Motion Picture Soundtrack)","Kishore Kumar",1958-01-01,223895,17,spotify:user:31zxctonsrbt6wbuxboxu7eghmde,2023-11-20T18:25:28Z,"classic bollywood,filmi",0.797,0.458,4,-10.843,1,0.438,0.866,0,0.134,0.868,114.768,4
0eicQUW4H2Zv1F5c06HW7e,"0GF4shudTAFv8ak9eWdd4Y,4kcoiVXIxvUoLUoHY1vJYU","Babu Samjho Ishare","Chalti Ka Naam Gaadi (Original Motion Picture Soundtrack)","Kishore Kumar,Manna Dey",1958-01-01,290053,25,spotify:user:31zxctonsrbt6wbuxboxu7eghmde,2023-11-20T18:25:28Z,"classic bollywood,filmi,rabindra sangeet",0.728,0.536,7,-9.032,1,0.108,0.806,0,0.0884,0.843,123.944,4
72VNMP7Tv9qzxB4coAj5f4,"61JrslREXq98hurYL2hYoc","Mushkil Hai Bahot","Mahal (Original Motion Picture Soundtrack)","Lata Mangeshkar",1949-01-01,235337,13,spotify:user:31zxctonsrbt6wbuxboxu7eghmde,2023-11-20T18:25:28Z,"classic bollywood,filmi,lata",0.458,0.315,1,-10.959,1,0.0304,0.958,0.00271,0.111,0.619,109.706,4
2wFILyz3whKS43ZmSLdNYJ,"4etv0ut4ws0GbXBtolzf5e","Kahin Door Jab Din Dhal Jaye","Anand (Original Motion Picture Soundtrack)","Mukesh",1970-12-31,337386,44,spotify:user:31zxctonsrbt6wbuxboxu7eghmde,2023-11-20T18:25:28Z,"classic bollywood,filmi",0.524,0.423,5,-7.392,1,0.0348,0.852,0.00000104,0.301,0.484,91.372,4
3js8CcCGR7MuiHWg5DxoA9,"4K6blSRoklNdpw4mzLxwfn","Kuchh Na Kaho, Pt. 1","1942 A Love Story (Original Motion Picture Soundtrack)","Kumar Sanu",1994-12-01,366400,37,spotify:user:31zxctonsrbt6wbuxboxu7eghmde,2023-11-20T18:25:28Z,"filmi,modern bollywood",0.477,0.416,10,-12.45,1,0.041,0.415,0.0000251,0.0899,0.443,140.357,3
6ihL2OJzq0PYLz8EAx6H2p,"0gXDpqwYNDODn7fB0RDN8J","Sar Jo Tera Chakraye (From Pyaasa)","Memoirically - Mohammed Rafi","Mohammed Rafi",2018-04-24,260306,28,spotify:user:31zxctonsrbt6wbuxboxu7eghmde,2023-11-20T18:25:28Z,"classic bollywood,filmi",0.788,0.551,0,-8.307,0,0.183,0.741,0,0.07,0.955,90.859,4
63duKTfcFc60adEHebFkD9,"02Um2HIOrUdsy3wqPBZwsj","Na Tum Hamen Jano - Male Vocals","Baat Ek Raat Ki (Original Motion Picture Soundtrack)","Hemant Kumar",1962-12-31,201346,31,spotify:user:31zxctonsrbt6wbuxboxu7eghmde,2023-11-20T18:25:28Z,"classic bollywood,filmi,rabindra sangeet",0.37,0.222,8,-13.437,1,0.0376,0.944,0.087,0.284,0.392,113.691,4
0A5zZU9qN454k6kfABp2QG,"1qhnLE5aA19UTshy9Bziqi","Tere Pyar Mein Ruswa","The Best Of Iqbal Bano & Farida Khanum","Farida Khanam",2006-01-01,437253,25,spotify:user:31zxctonsrbt6wbuxboxu7eghmde,2023-11-20T18:25:28Z,"",0.538,0.372,5,-12.972,1,0.061,0.957,0.00912,0.225,0.554,145.651,4
79AOaYNZj1pD6HYlzZSkc2,"2FPwX3Gh0w4Qr1v3zSTtcT,0oOet2f43PA68X5RxKobEy,3dN9MQpjIyNxyeRfz4EDZe","Rimjhim Gire Saawan (From Music Teacher)","Rimjhim Gire Saawan (From Music Teacher) - Single","Papon,Shreya Ghoshal,Rochak Kohli",2019-04-17,263020,27,spotify:user:31zxctonsrbt6wbuxboxu7eghmde,2023-11-20T18:25:28Z,"filmi,indian folk,modern bollywood,desi pop",0.653,0.419,1,-7.974,0,0.0312,0.845,0,0.106,0.402,109.946,4
0lktxwBvh7KrMIOFj32uGY,"61JrslREXq98hurYL2hYoc,4kcoiVXIxvUoLUoHY1vJYU","Jahan Main Jati Hoon","Chori Chori (Original Motion Picture Soundtrack)","Lata Mangeshkar,Manna Dey",1957-08-28,245243,26,spotify:user:31zxctonsrbt6wbuxboxu7eghmde,2023-11-20T18:25:28Z,"classic bollywood,filmi,lata,rabindra sangeet",0.529,0.532,9,-8.47,1,0.0484,0.757,0.00000118,0.112,0.909,141.719,4
4CHMgTLE7B1zGUGzi7k5yG,"61JrslREXq98hurYL2hYoc","Hawa Mein Udta Jaye","Barsaat (Original Motion Picture Soundtrack)","Lata Mangeshkar",1949-12-31,188560,28,spotify:user:31zxctonsrbt6wbuxboxu7eghmde,2023-11-20T18:25:28Z,"classic bollywood,filmi,lata",0.731,0.314,3,-11.989,1,0.0659,0.988,0.223,0.131,0.831,98.273,4
0LbElt2vlXRzPSKeago9NB,"61JrslREXq98hurYL2hYoc","Dil Ne Phir Yaad Kiya","Mahal (Original Motion Picture Soundtrack)","Lata Mangeshkar",1949-01-01,254197,13,spotify:user:31zxctonsrbt6wbuxboxu7eghmde,2023-11-20T18:25:28Z,"classic bollywood,filmi,lata",0.534,0.327,3,-14.934,1,0.103,0.932,0.099,0.113,0.445,130.604,4
4ny1anuVlKdVDerWCFX70u,"7qYJ1sdlbq2FCQHbYuAsbN","Tum Na Jane Kis Jahan Mein Kho Gaye","Lata","Lata Mangeshkar",2021-07-23,187733,0,spotify:user:31zxctonsrbt6wbuxboxu7eghmde,2023-11-20T18:25:28Z,"lata",0.432,0.194,2,-13.056,1,0.0334,0.969,0.0071,0.0938,0.482,80.226,3
77ZlwcRm8mRAszhszeSxln,"61JrslREXq98hurYL2hYoc,0GF4shudTAFv8ak9eWdd4Y,2JSYASbWU5Y0fVpts3Eq7g","Kya Yahi Pyar Hai - From Rocky","Rocky (Original Motion Picture Soundtrack)","Lata Mangeshkar,Kishore Kumar,R. D. Burman",1981-01-01,384413,48,spotify:user:31zxctonsrbt6wbuxboxu7eghmde,2023-11-20T18:25:28Z,"classic bollywood,filmi,lata,chutney",0.663,0.342,7,-11.965,1,0.0263,0.372,0,0.132,0.586,102.774,4
04rmxV8Msc6ofVRDX36VKi,"3gBKY0y3dFFVRqicLnVZYz","Gali Mein Chand - Happy Version","Zakhm (Original Motion Picture Soundtrack)","Alka Yagnik",1998-12-31,309413,41,spotify:user:31zxctonsrbt6wbuxboxu7eghmde,2023-11-20T18:25:28Z,"filmi,hare krishna,modern bollywood",0.445,0.402,2,-12.541,1,0.0466,0.76,0.00000235,0.487,0.625,103.331,4
